candidate,bv,label,vin,vout_target,vout_avg,pout_avg,eta_pct,vds_q2_max,ploss_d2sec,ipk_pri
smcj43a,47.8,11V_6V3,11.0,6.3,6.8225,22.1649,91.31,49.965,0.1165,7.0945
smcj43a,47.8,11V_12V6,11.0,12.6,13.0949,20.4139,93.42,51.343,0.3348,5.3636
smcj43a,47.8,20V_6V3,20.0,6.3,6.7723,21.8399,91.85,51.966,0.4943,6.8519
smcj43a,47.8,20V_12V6,20.0,12.6,13.2929,21.0358,92.44,52.47,0.8127,4.8554
smcj43a,47.8,25V_6V3,25.0,6.3,6.8251,22.182,90.47,52.813,0.8612,7.0951
smcj43a,47.8,25V_12V6,25.0,12.6,13.2334,20.8478,90.12,52.885,1.2926,4.6684
smcj54a,60.0,11V_6V3,11.0,6.3,6.808,22.0712,91.15,61.009,0.0349,7.0819
smcj54a,60.0,11V_12V6,11.0,12.6,13.0931,20.4083,93.73,63.005,0.2134,5.3139
smcj54a,60.0,20V_6V3,20.0,6.3,6.7827,21.9072,92.55,63.728,0.3377,6.8295
smcj54a,60.0,20V_12V6,20.0,12.6,13.3042,21.0717,93.65,64.355,0.5281,4.8496
smcj54a,60.0,25V_6V3,25.0,6.3,6.8066,22.0619,90.83,64.725,0.586,7.0681
smcj54a,60.0,25V_12V6,25.0,12.6,13.2303,20.8382,92.15,64.854,0.7556,4.8416
